{
  "verdict": "PASS",
  "primary_k": 3,
  "metrics_by_k": {
    "3": {
      "baseline": {
        "nDCG@3": 0.799869,
        "MRR": 0.933333,
        "AvgRel@3": 1.633333
      },
      "structure_rerank": {
        "nDCG@3": 0.877917,
        "MRR": 1.0,
        "AvgRel@3": 1.733333
      },
      "structure_conclusion_only": {
        "nDCG@3": 0.840654,
        "MRR": 0.933333,
        "AvgRel@3": 1.733333
      },
      "structure_premise_only": {
        "nDCG@3": 0.799869,
        "MRR": 0.933333,
        "AvgRel@3": 1.633333
      },
      "structure_causal_only": {
        "nDCG@3": 0.806461,
        "MRR": 0.933333,
        "AvgRel@3": 1.633333
      },
      "structure_contrast_only": {
        "nDCG@3": 0.834062,
        "MRR": 0.933333,
        "AvgRel@3": 1.733333
      },
      "structure_definition_only": {
        "nDCG@3": 0.837132,
        "MRR": 1.0,
        "AvgRel@3": 1.633333
      }
    },
    "5": {
      "baseline": {
        "nDCG@5": 0.825725,
        "MRR": 0.933333,
        "AvgRel@5": 1.08
      },
      "structure_rerank": {
        "nDCG@5": 0.88867,
        "MRR": 1.0,
        "AvgRel@5": 1.1
      },
      "structure_conclusion_only": {
        "nDCG@5": 0.84317,
        "MRR": 0.933333,
        "AvgRel@5": 1.08
      },
      "structure_premise_only": {
        "nDCG@5": 0.825725,
        "MRR": 0.933333,
        "AvgRel@5": 1.08
      },
      "structure_causal_only": {
        "nDCG@5": 0.832318,
        "MRR": 0.933333,
        "AvgRel@5": 1.08
      },
      "structure_contrast_only": {
        "nDCG@5": 0.836578,
        "MRR": 0.933333,
        "AvgRel@5": 1.08
      },
      "structure_definition_only": {
        "nDCG@5": 0.86885,
        "MRR": 1.0,
        "AvgRel@5": 1.1
      }
    },
    "10": {
      "baseline": {
        "nDCG@10": 0.876868,
        "MRR": 0.933333,
        "AvgRel@10": 0.66
      },
      "structure_rerank": {
        "nDCG@10": 0.943605,
        "MRR": 1.0,
        "AvgRel@10": 0.68
      },
      "structure_conclusion_only": {
        "nDCG@10": 0.894313,
        "MRR": 0.933333,
        "AvgRel@10": 0.66
      },
      "structure_premise_only": {
        "nDCG@10": 0.876868,
        "MRR": 0.933333,
        "AvgRel@10": 0.66
      },
      "structure_causal_only": {
        "nDCG@10": 0.88346,
        "MRR": 0.933333,
        "AvgRel@10": 0.66
      },
      "structure_contrast_only": {
        "nDCG@10": 0.88772,
        "MRR": 0.933333,
        "AvgRel@10": 0.66
      },
      "structure_definition_only": {
        "nDCG@10": 0.923254,
        "MRR": 1.0,
        "AvgRel@10": 0.68
      }
    }
  },
  "query_deltas_by_k": {
    "3": [
      {
        "query_id": "q1",
        "baseline_avg_rel": 1.0,
        "structure_rerank_avg_rel": 1.0,
        "delta": 0.0,
        "baseline_top": "p1",
        "structure_top": "p1"
      },
      {
        "query_id": "q10",
        "baseline_avg_rel": 1.666667,
        "structure_rerank_avg_rel": 1.666667,
        "delta": 0.0,
        "baseline_top": "p20",
        "structure_top": "p20"
      },
      {
        "query_id": "q2",
        "baseline_avg_rel": 2.0,
        "structure_rerank_avg_rel": 2.0,
        "delta": 0.0,
        "baseline_top": "p8",
        "structure_top": "p8"
      },
      {
        "query_id": "q3",
        "baseline_avg_rel": 1.0,
        "structure_rerank_avg_rel": 1.0,
        "delta": 0.0,
        "baseline_top": "p3",
        "structure_top": "p3"
      },
      {
        "query_id": "q4",
        "baseline_avg_rel": 2.333333,
        "structure_rerank_avg_rel": 2.333333,
        "delta": 0.0,
        "baseline_top": "p4",
        "structure_top": "p10"
      },
      {
        "query_id": "q5",
        "baseline_avg_rel": 1.0,
        "structure_rerank_avg_rel": 2.0,
        "delta": 1.0,
        "baseline_top": "p6",
        "structure_top": "p6"
      },
      {
        "query_id": "q6",
        "baseline_avg_rel": 1.0,
        "structure_rerank_avg_rel": 1.0,
        "delta": 0.0,
        "baseline_top": "p3",
        "structure_top": "p13"
      },
      {
        "query_id": "q7",
        "baseline_avg_rel": 2.0,
        "structure_rerank_avg_rel": 2.0,
        "delta": 0.0,
        "baseline_top": "p5",
        "structure_top": "p11"
      },
      {
        "query_id": "q8",
        "baseline_avg_rel": 2.0,
        "structure_rerank_avg_rel": 2.0,
        "delta": 0.0,
        "baseline_top": "p14",
        "structure_top": "p14"
      },
      {
        "query_id": "q9",
        "baseline_avg_rel": 2.333333,
        "structure_rerank_avg_rel": 2.333333,
        "delta": 0.0,
        "baseline_top": "p19",
        "structure_top": "p19"
      }
    ],
    "5": [
      {
        "query_id": "q1",
        "baseline_avg_rel": 0.6,
        "structure_rerank_avg_rel": 0.6,
        "delta": 0.0,
        "baseline_top": "p1",
        "structure_top": "p1"
      },
      {
        "query_id": "q10",
        "baseline_avg_rel": 1.0,
        "structure_rerank_avg_rel": 1.0,
        "delta": 0.0,
        "baseline_top": "p20",
        "structure_top": "p20"
      },
      {
        "query_id": "q2",
        "baseline_avg_rel": 1.4,
        "structure_rerank_avg_rel": 1.4,
        "delta": 0.0,
        "baseline_top": "p8",
        "structure_top": "p8"
      },
      {
        "query_id": "q3",
        "baseline_avg_rel": 0.6,
        "structure_rerank_avg_rel": 0.6,
        "delta": 0.0,
        "baseline_top": "p3",
        "structure_top": "p3"
      },
      {
        "query_id": "q4",
        "baseline_avg_rel": 1.4,
        "structure_rerank_avg_rel": 1.4,
        "delta": 0.0,
        "baseline_top": "p4",
        "structure_top": "p10"
      },
      {
        "query_id": "q5",
        "baseline_avg_rel": 1.2,
        "structure_rerank_avg_rel": 1.2,
        "delta": 0.0,
        "baseline_top": "p6",
        "structure_top": "p6"
      },
      {
        "query_id": "q6",
        "baseline_avg_rel": 0.8,
        "structure_rerank_avg_rel": 1.0,
        "delta": 0.2,
        "baseline_top": "p3",
        "structure_top": "p13"
      },
      {
        "query_id": "q7",
        "baseline_avg_rel": 1.2,
        "structure_rerank_avg_rel": 1.2,
        "delta": 0.0,
        "baseline_top": "p5",
        "structure_top": "p11"
      },
      {
        "query_id": "q8",
        "baseline_avg_rel": 1.2,
        "structure_rerank_avg_rel": 1.2,
        "delta": 0.0,
        "baseline_top": "p14",
        "structure_top": "p14"
      },
      {
        "query_id": "q9",
        "baseline_avg_rel": 1.4,
        "structure_rerank_avg_rel": 1.4,
        "delta": 0.0,
        "baseline_top": "p19",
        "structure_top": "p19"
      }
    ],
    "10": [
      {
        "query_id": "q1",
        "baseline_avg_rel": 0.5,
        "structure_rerank_avg_rel": 0.5,
        "delta": 0.0,
        "baseline_top": "p1",
        "structure_top": "p1"
      },
      {
        "query_id": "q10",
        "baseline_avg_rel": 0.5,
        "structure_rerank_avg_rel": 0.5,
        "delta": 0.0,
        "baseline_top": "p20",
        "structure_top": "p20"
      },
      {
        "query_id": "q2",
        "baseline_avg_rel": 0.8,
        "structure_rerank_avg_rel": 0.8,
        "delta": 0.0,
        "baseline_top": "p8",
        "structure_top": "p8"
      },
      {
        "query_id": "q3",
        "baseline_avg_rel": 0.9,
        "structure_rerank_avg_rel": 0.9,
        "delta": 0.0,
        "baseline_top": "p3",
        "structure_top": "p3"
      },
      {
        "query_id": "q4",
        "baseline_avg_rel": 0.7,
        "structure_rerank_avg_rel": 0.7,
        "delta": 0.0,
        "baseline_top": "p4",
        "structure_top": "p10"
      },
      {
        "query_id": "q5",
        "baseline_avg_rel": 0.8,
        "structure_rerank_avg_rel": 0.8,
        "delta": 0.0,
        "baseline_top": "p6",
        "structure_top": "p6"
      },
      {
        "query_id": "q6",
        "baseline_avg_rel": 0.4,